{"stats":{"minecraft:killed":{"minecraft:sheep":3},"minecraft:killed_by":{"minecraft:creeper":1},"minecraft:used":{"minecraft:dirt":2,"minecraft:mutton":1},"minecraft:picked_up":{"minecraft:birch_log":6,"minecraft:stick":2,"minecraft:wheat_seeds":1,"minecraft:oak_sapling":1,"minecraft:mutton":3,"minecraft:birch_sapling":1,"minecraft:white_wool":2,"minecraft:dirt":2},"minecraft:crafted":{"minecraft:birch_planks":20,"minecraft:crafting_table":1,"minecraft:stick":8},"minecraft:custom":{"minecraft:time_since_rest":1839,"minecraft:play_one_minute":7416,"minecraft:crouch_one_cm":63,"minecraft:sprint_one_cm":24791,"minecraft:deaths":1,"minecraft:damage_taken":235,"minecraft:walk_one_cm":16182,"minecraft:sneak_time":89,"minecraft:mob_kills":3,"minecraft:jump":167,"minecraft:damage_dealt":473,"minecraft:leave_game":1,"minecraft:walk_on_water_one_cm":292,"minecraft:time_since_death":1778,"minecraft:fall_one_cm":3559,"minecraft:fly_one_cm":30206,"minecraft:player_kills":1},"minecraft:mined":{"minecraft:grass":12,"minecraft:grass_block":2,"minecraft:birch_log":6,"minecraft:birch_leaves":52,"treechop:chopped_log":4,"minecraft:oak_leaves":4}},"DataVersion":2586}