{"stats":{"minecraft:crafted":{"minecraft:crafting_table":3,"minecraft:wooden_pickaxe":1,"minecraft:birch_planks":40,"minecraft:stone_axe":1,"minecraft:stick":16,"minecraft:stone_pickaxe":1,"minecraft:stone_sword":1},"minecraft:picked_up":{"paraglider:paraglider":2,"minecraft:birch_log":11,"minecraft:crafting_table":1,"duneons:royale_shield":1,"minecraft:wooden_pickaxe":1,"minecraft:oak_stairs":2,"minecraft:birch_planks":1,"paraglider:spirit_orb":2,"minecraft:stone_brick_stairs":2,"minecraft:dirt":7,"minecraft:lantern":2,"minecraft:apple":1,"minecraft:stone_bricks":6,"minecraft:wheat_seeds":3,"minecraft:dark_prismarine_stairs":2,"minecraft:iron_ingot":1,"minecraft:beef":2,"minecraft:polished_andesite_slab":1,"minecraft:birch_sapling":3,"minecraft:stick":2,"minecraft:cooked_porkchop":1,"minecraft:acacia_log":2,"duneons:lantern_big":2,"duneons:poleaxe":2,"minecraft:dark_oak_log":1,"duneons:yellowdungeonsglass":1,"duneons:vila":1,"minecraft:arrow":29,"minecraft:rotten_flesh":2,"duneons:vangardpotion":1,"minecraft:emerald":1,"minecraft:bread":5,"minecraft:totem_of_undying":1,"duneons:ghostkindlerblack_helmet":1,"duneons:vasedungeon":1,"minecraft:oak_sapling":1,"minecraft:mutton":4,"minecraft:white_wool":3,"minecraft:cobblestone":9},"minecraft:killed":{"minecraft:sheep":4,"duneons:vindicatorroyaleblue":4,"minecraft:zombie":1,"minecraft:cow":1},"minecraft:dropped":{"duneons:coin":23,"minecraft:lantern":1,"duneons:yellowdungeonsglass":1,"minecraft:wooden_pickaxe":1,"paraglider:paraglider":3,"duneons:ghostkindlerblack_helmet":1,"minecraft:white_wool":1},"minecraft:mined":{"minecraft:dark_prismarine_stairs":3,"duneons:lantern_big":2,"duneons:vasedungeon":1,"minecraft:dark_oak_log":1,"minecraft:crafting_table":1,"minecraft:grass_block":6,"minecraft:polished_andesite_slab":1,"minecraft:spawner":1,"duneons:reddungeonsglass":1,"minecraft:birch_planks":1,"minecraft:birch_log":11,"minecraft:birch_leaves":72,"treechop:chopped_log":10,"minecraft:stone_brick_stairs":1,"minecraft:grass":20,"minecraft:oak_stairs":2,"minecraft:lantern":1,"minecraft:dirt":1,"minecraft:stone":8,"minecraft:stone_bricks":7,"minecraft:oak_leaves":4,"duneons:yellowdungeonsglass":1},"minecraft:killed_by":{"minecraft:creeper":1},"minecraft:custom":{"minecraft:mob_kills":10,"minecraft:interact_with_crafting_table":5,"minecraft:play_one_minute":35286,"minecraft:leave_game":2,"minecraft:time_since_death":29648,"minecraft:climb_one_cm":12964,"minecraft:time_since_rest":29709,"minecraft:waystone_activated":1,"minecraft:sprint_one_cm":68294,"minecraft:damage_taken":613,"minecraft:walk_one_cm":87106,"minecraft:drop":9,"minecraft:damage_dealt":2303,"minecraft:fly_one_cm":93204,"minecraft:player_kills":1,"minecraft:open_chest":4,"minecraft:crouch_one_cm":724,"minecraft:deaths":1,"minecraft:sneak_time":505,"minecraft:jump":533,"minecraft:walk_on_water_one_cm":292,"minecraft:fall_one_cm":14575},"minecraft:used":{"minecraft:stone_sword":25,"minecraft:acacia_log":2,"minecraft:birch_planks":6,"minecraft:stone_pickaxe":31,"minecraft:wooden_pickaxe":12,"minecraft:dirt":7,"minecraft:mutton":4,"minecraft:crafting_table":2,"minecraft:apple":1,"minecraft:lantern":1,"minecraft:bread":1,"duneons:macefix":5,"minecraft:totem_of_undying":1,"minecraft:polished_andesite_slab":1,"minecraft:stone_axe":9,"duneons:lantern_big":2,"minecraft:beef":2,"minecraft:cooked_porkchop":2,"minecraft:dark_prismarine_stairs":1}},"DataVersion":2586}