{"stats":{"minecraft:killed":{"minecraft:sheep":4,"minecraft:cow":1},"minecraft:killed_by":{"minecraft:creeper":1},"minecraft:used":{"minecraft:apple":1,"minecraft:acacia_log":2,"minecraft:birch_planks":3,"minecraft:stone_pickaxe":15,"minecraft:wooden_pickaxe":12,"minecraft:stone_axe":1,"minecraft:dirt":7,"minecraft:mutton":2,"minecraft:beef":2,"minecraft:crafting_table":2,"minecraft:cooked_porkchop":1},"minecraft:picked_up":{"minecraft:birch_log":11,"minecraft:stick":2,"minecraft:crafting_table":1,"minecraft:cooked_porkchop":1,"minecraft:wooden_pickaxe":1,"minecraft:acacia_log":2,"minecraft:birch_planks":1,"minecraft:dirt":7,"minecraft:apple":1,"minecraft:wheat_seeds":1,"minecraft:beef":2,"minecraft:oak_sapling":1,"minecraft:mutton":4,"minecraft:birch_sapling":3,"minecraft:white_wool":3,"minecraft:cobblestone":9},"minecraft:crafted":{"minecraft:crafting_table":3,"minecraft:stick":16,"minecraft:wooden_pickaxe":1,"minecraft:stone_pickaxe":1,"minecraft:stone_sword":1,"minecraft:birch_planks":40,"minecraft:stone_axe":1},"minecraft:custom":{"minecraft:time_since_rest":16678,"minecraft:sprint_one_cm":57776,"minecraft:damage_taken":363,"minecraft:walk_one_cm":43455,"minecraft:mob_kills":5,"minecraft:drop":1,"minecraft:damage_dealt":654,"minecraft:interact_with_crafting_table":5,"minecraft:fly_one_cm":85608,"minecraft:player_kills":1,"minecraft:crouch_one_cm":595,"minecraft:play_one_minute":22255,"minecraft:deaths":1,"minecraft:sneak_time":447,"minecraft:jump":437,"minecraft:leave_game":2,"minecraft:walk_on_water_one_cm":292,"minecraft:time_since_death":16617,"minecraft:climb_one_cm":4659,"minecraft:fall_one_cm":11901},"minecraft:dropped":{"minecraft:wooden_pickaxe":1},"minecraft:mined":{"minecraft:birch_planks":1,"minecraft:birch_log":11,"minecraft:birch_leaves":72,"treechop:chopped_log":10,"minecraft:crafting_table":1,"minecraft:grass":20,"minecraft:grass_block":6,"minecraft:dirt":1,"minecraft:stone":8,"minecraft:oak_leaves":4}},"DataVersion":2586}