{"stats":{"minecraft:killed":{"minecraft:sheep":1,"minecraft:zombie":1,"minecraft:pig":5,"minecraft:spider":1,"minecraft:cow":1},"minecraft:killed_by":{"minecraft:player":1},"minecraft:used":{"minecraft:wooden_axe":39,"minecraft:acacia_log":1,"minecraft:stone_pickaxe":21,"minecraft:oak_planks":15,"minecraft:wooden_pickaxe":6,"minecraft:rotten_flesh":3,"minecraft:stone_axe":24,"minecraft:mutton":1,"minecraft:crafting_table":5,"minecraft:furnace":1,"minecraft:cooked_porkchop":3},"minecraft:picked_up":{"minecraft:birch_log":11,"minecraft:stick":21,"minecraft:crafting_table":6,"minecraft:cooked_porkchop":1,"minecraft:leather":1,"minecraft:acacia_log":10,"minecraft:birch_planks":12,"minecraft:porkchop":9,"minecraft:oak_log":20,"minecraft:dirt":16,"minecraft:string":1,"minecraft:rotten_flesh":3,"minecraft:wheat_seeds":2,"minecraft:beef":2,"minecraft:red_tulip":1,"minecraft:oak_sapling":10,"minecraft:birch_sapling":4,"minecraft:mutton":1,"minecraft:acacia_sapling":3,"minecraft:white_wool":2,"minecraft:cobblestone":19,"minecraft:furnace":1,"minecraft:oxeye_daisy":1},"minecraft:crafted":{"minecraft:oak_planks":24,"minecraft:cooked_porkchop":7,"minecraft:crafting_table":1,"minecraft:wooden_pickaxe":1,"minecraft:stone_pickaxe":2,"minecraft:wooden_axe":1,"minecraft:furnace":1,"minecraft:birch_planks":20,"minecraft:stone_axe":1,"minecraft:air":0},"minecraft:custom":{"minecraft:time_since_rest":21454,"minecraft:interact_with_furnace":5,"minecraft:sprint_one_cm":77268,"minecraft:damage_taken":430,"minecraft:walk_one_cm":52855,"minecraft:mob_kills":9,"minecraft:drop":2,"minecraft:damage_dealt":1125,"minecraft:swim_one_cm":773,"minecraft:interact_with_crafting_table":9,"minecraft:fly_one_cm":137228,"minecraft:play_one_minute":23022,"minecraft:crouch_one_cm":1565,"minecraft:deaths":1,"minecraft:sneak_time":433,"minecraft:walk_under_water_one_cm":351,"minecraft:jump":589,"minecraft:leave_game":3,"minecraft:time_since_death":21424,"minecraft:walk_on_water_one_cm":396,"minecraft:climb_one_cm":19,"minecraft:fall_one_cm":17431},"minecraft:dropped":{"minecraft:cooked_porkchop":2},"minecraft:mined":{"minecraft:acacia_leaves":90,"minecraft:furnace":1,"minecraft:birch_log":12,"minecraft:birch_leaves":112,"treechop:chopped_log":29,"minecraft:crafting_table":5,"minecraft:grass":26,"minecraft:acacia_log":10,"minecraft:red_tulip":1,"minecraft:oak_log":21,"minecraft:dirt":2,"minecraft:stone":20,"minecraft:oxeye_daisy":1,"minecraft:oak_leaves":216}},"DataVersion":2586}