{"stats":{"minecraft:killed":{"minecraft:sheep":1,"minecraft:zombie":1,"minecraft:pig":3},"minecraft:killed_by":{"minecraft:player":1},"minecraft:used":{"minecraft:wooden_axe":24,"minecraft:acacia_log":1,"minecraft:wooden_pickaxe":6,"minecraft:mutton":1,"minecraft:crafting_table":3},"minecraft:picked_up":{"minecraft:birch_log":6,"minecraft:stick":17,"minecraft:crafting_table":4,"minecraft:acacia_log":8,"minecraft:birch_planks":12,"minecraft:porkchop":6,"minecraft:dirt":16,"minecraft:rotten_flesh":1,"minecraft:wheat_seeds":2,"minecraft:oak_sapling":2,"minecraft:birch_sapling":3,"minecraft:mutton":1,"minecraft:acacia_sapling":3,"minecraft:white_wool":2,"minecraft:cobblestone":3},"minecraft:crafted":{"minecraft:crafting_table":1,"minecraft:wooden_pickaxe":1,"minecraft:stone_pickaxe":1,"minecraft:wooden_axe":1,"minecraft:birch_planks":20},"minecraft:custom":{"minecraft:time_since_rest":7243,"minecraft:sprint_one_cm":36741,"minecraft:damage_taken":420,"minecraft:walk_one_cm":22998,"minecraft:mob_kills":5,"minecraft:damage_dealt":620,"minecraft:interact_with_crafting_table":5,"minecraft:fly_one_cm":50755,"minecraft:play_one_minute":8811,"minecraft:crouch_one_cm":483,"minecraft:deaths":1,"minecraft:sneak_time":158,"minecraft:jump":232,"minecraft:leave_game":1,"minecraft:time_since_death":7213,"minecraft:climb_one_cm":19,"minecraft:fall_one_cm":5039},"minecraft:mined":{"minecraft:acacia_leaves":90,"minecraft:birch_log":6,"minecraft:birch_leaves":52,"treechop:chopped_log":10,"minecraft:crafting_table":3,"minecraft:grass":7,"minecraft:acacia_log":10,"minecraft:dirt":2,"minecraft:stone":3,"minecraft:oak_leaves":3}},"DataVersion":2586}