{"stats":{"minecraft:killed_by":{"minecraft:player":1},"minecraft:crafted":{"minecraft:oak_planks":24,"minecraft:cooked_porkchop":7,"minecraft:crafting_table":1,"minecraft:wooden_pickaxe":1,"minecraft:furnace":1,"minecraft:birch_planks":20,"minecraft:stone_axe":1,"minecraft:air":0,"minecraft:stone_pickaxe":2,"minecraft:wooden_axe":1,"minecraft:white_bed":1,"minecraft:dark_oak_planks":8},"minecraft:custom":{"minecraft:interact_with_furnace":5,"minecraft:mob_kills":20,"minecraft:interact_with_crafting_table":12,"minecraft:play_one_minute":51191,"minecraft:leave_game":5,"minecraft:time_since_death":49593,"minecraft:climb_one_cm":498,"minecraft:time_since_rest":49623,"minecraft:sprint_one_cm":158964,"minecraft:damage_taken":1099,"minecraft:walk_one_cm":130667,"minecraft:drop":13,"minecraft:damage_dealt":3587,"minecraft:swim_one_cm":773,"minecraft:talked_to_villager":1,"minecraft:fly_one_cm":232081,"minecraft:open_chest":11,"minecraft:crouch_one_cm":4302,"minecraft:deaths":1,"minecraft:sneak_time":1726,"minecraft:walk_under_water_one_cm":351,"minecraft:jump":1055,"minecraft:walk_on_water_one_cm":396,"minecraft:fall_one_cm":29151},"minecraft:mined":{"minecraft:dark_oak_planks":2,"duneons:totemblock":1,"duneons:clayvase":2,"duneons:lantern_big":1,"duneons:vasedungeon":1,"minecraft:acacia_leaves":90,"minecraft:glass_pane":1,"duneons:darkstonebricks":4,"duneons:greenlongvase":1,"duneons:orangesvase":1,"minecraft:dark_oak_log":5,"duneons:coins":1,"duneons:shield_johan":1,"minecraft:crafting_table":5,"duneons:giantgoldencandle":1,"minecraft:acacia_log":10,"minecraft:grass_block":2,"duneons:vasepinki":1,"duneons:brikercolon":1,"duneons:bluevase":2,"minecraft:tall_grass":5,"minecraft:cobblestone":2,"duneons:graydungeonsglass":2,"duneons:goldchest":1,"minecraft:oak_planks":1,"minecraft:oxeye_daisy":1,"minecraft:spawner":2,"duneons:reddungeonsglass":2,"duneons:dungeonglass":1,"duneons:creepertotem":1,"duneons:floorboards":1,"duneons:anvilwithhammer":1,"minecraft:furnace":1,"minecraft:birch_log":12,"minecraft:birch_leaves":112,"duneons:books":1,"treechop:chopped_log":29,"minecraft:stone_brick_stairs":5,"minecraft:dark_oak_stairs":2,"duneons:darkcarved_bricks":1,"minecraft:grass":35,"minecraft:red_tulip":1,"minecraft:oak_log":21,"duneons:desertvase":1,"minecraft:dirt":2,"minecraft:stone_bricks":24,"minecraft:stone":20,"duneons:gate_barsclose":1,"minecraft:oak_leaves":216},"minecraft:used":{"minecraft:acacia_log":1,"minecraft:stone_pickaxe":45,"minecraft:oak_planks":18,"minecraft:wooden_pickaxe":6,"minecraft:rotten_flesh":3,"minecraft:dirt":1,"minecraft:mutton":1,"duneons:strengthenironpickaxe":44,"minecraft:crafting_table":7,"minecraft:white_bed":1,"duneons:dagger":42,"minecraft:wooden_axe":39,"minecraft:dark_oak_log":3,"minecraft:stone_axe":47,"duneons:dungeonglass":1,"minecraft:bow":2,"minecraft:furnace":1,"minecraft:cooked_porkchop":6},"minecraft:killed":{"duneons:zombievangruard":1,"minecraft:pig":5,"minecraft:spider":2,"minecraft:creeper":1,"minecraft:sheep":1,"duneons:vindicatorroyaleblue":6,"minecraft:zombie":1,"minecraft:villager":1,"minecraft:cow":2},"minecraft:picked_up":{"duneons:darkcarved_bricks":1,"minecraft:birch_log":11,"minecraft:crafting_table":6,"duneons:darkstonebricks":4,"minecraft:leather":3,"minecraft:birch_planks":12,"duneons:shield_johan":1,"paraglider:spirit_orb":4,"minecraft:stone_brick_stairs":4,"minecraft:oak_log":20,"duneons:coin":10,"duneons:dungeonglass":1,"minecraft:dirt":18,"minecraft:string":1,"minecraft:lantern":1,"duneons:creepertotem":1,"minecraft:stone_bricks":23,"duneons:gate_barsclose":1,"minecraft:wheat_seeds":4,"minecraft:beef":4,"minecraft:oak_planks":1,"minecraft:furnace":1,"minecraft:birch_sapling":4,"minecraft:acacia_sapling":3,"minecraft:dark_oak_stairs":2,"minecraft:book":1,"minecraft:iron_boots":1,"minecraft:stick":21,"duneons:orangesvase":1,"duneons:anvilwithhammer":1,"duneons:totemblock":1,"duneons:reddungeonsglass":1,"minecraft:cooked_porkchop":1,"minecraft:acacia_log":10,"minecraft:porkchop":9,"duneons:vasepinki":1,"duneons:lantern_big":1,"duneons:graydungeonsglass":2,"minecraft:dark_oak_log":5,"minecraft:dark_oak_planks":2,"minecraft:rotten_flesh":4,"duneons:desertvase":1,"minecraft:red_tulip":2,"duneons:ghostkindlerblack_helmet":1,"minecraft:emerald":3,"minecraft:oak_sapling":10,"minecraft:mutton":1,"paraglider:paraglider":1,"minecraft:white_wool":4,"minecraft:cobblestone":25,"minecraft:oxeye_daisy":1},"minecraft:dropped":{"minecraft:bread":5,"minecraft:wheat_seeds":2,"duneons:royale_shield":1,"minecraft:cooked_porkchop":2,"minecraft:rotten_flesh":1,"minecraft:lantern":1,"duneons:vila":1,"minecraft:totem_of_undying":1,"duneons:vangardpotion":1,"duneons:poleaxe":1,"minecraft:arrow":29,"duneons:ghostkindlerblack_helmet":1},"minecraft:broken":{"minecraft:iron_boots":1}},"DataVersion":2586}